delete from users;
delete from league;
delete from team;
delete from gymnast;
delete from lineup_slot;
delete from score;
delete from user_league;
delete from roster;
delete from matchup;
insert into users values ('00000001', 'Terese', 'toldcroft0@reddit.com', 'rzLKFk', false);
insert into users values ('00000002', 'Guillaume', 'ggouldsmith1@aboutads.info', 'znxmFN', true);
insert into users values ('00000003', 'Craig', 'ckersey2@whitehouse.gov', 'PbUUGTwv4ya', true);
insert into users values ('00000004', 'Thorndike', 'tthoma3@illinois.edu', 'qXoX80V', false);
insert into users values ('00000005', 'Dianna', 'dshevlane4@bbb.org', 'NXyPeW9vAW', true);
insert into users values ('00000006', 'Inglis', 'itroak5@state.tx.us', '6nHqzop6dEh7', true);
insert into league values ('00000001', '00000003', 'Hand-Giene E-2', 7, 5);
insert into league values ('00000002', '00000004', 'ATOMY SUNSCREEN', 7, 5);
insert into league values ('00000003', '00000002', 'Clonazepam', 7, 5);
insert into league values ('00000004', '00000005', 'Anticavity Fluoride', 7, 5);
insert into team values ('00000001', '00000001','00000001', 'VA Vegans', 10, 8);
insert into team values ('00000002', '00000002', '00000001', 'MD Mothers', 7, 1);
insert into team values ('00000003', '00000003', '00000001', 'VT Vets', 1, 3);
insert into team values ('00000004', '00000004', '00000001', 'TX Toasts', 10, 6);
insert into team values ('00000005', '00000005', '00000001', 'FL Flies', 10, 1);
insert into team values ('00000006', '00000006', '00000001', 'PA Pencils', 3, 1);
insert into team values ('00000007', '00000001','00000002', 'NH Hams', 10, 8);
insert into team values ('00000008', '00000002', '00000002', 'ND Faces', 7, 1);
insert into team values ('00000009', '00000003', '00000002', 'CA Commies', 1, 3);
insert into team values ('00000010', '00000004', '00000002', 'AL Aligators', 10, 6);
insert into team values ('00000011', '00000005', '00000002', 'UT Urns', 10, 1);
insert into team values ('00000012', '00000006', '00000002', 'NV Nattys', 3, 1);
insert into team values ('00000013', '00000001','00000003', 'WA Walruses', 10, 8);
insert into team values ('00000014', '00000002', '00000003', 'SD Sux', 7, 1);
insert into team values ('00000015', '00000003', '00000003', 'OR Pickers', 1, 3);
insert into team values ('00000016', '00000004', '00000003', 'GA Peaches', 10, 6);
insert into team values ('00000017', '00000005', '00000003', 'WI Cheese', 10, 1);
insert into team values ('00000018', '00000006', '00000003', 'MA Maams', 3, 1);
insert into team values ('00000019', '00000001','00000004', 'MI Mines', 10, 8);
insert into team values ('00000020', '00000002', '00000004', 'CT Cows', 7, 1);
insert into team values ('00000021', '00000003', '00000004', 'RI Roads', 1, 3);
insert into team values ('00000022', '00000004', '00000004', 'SC Seals', 10, 6);
insert into team values ('00000023', '00000005', '00000004', 'NC Nubs', 10, 1);
insert into team values ('00000024', '00000006', '00000004', 'TN Tins', 3, 1);